33.05,25,Haze
Delhi,33.05,25,Haze,2026-03-26 15:13:00
Delhi,33.05,25,Clouds,2026-03-26 15:25:55
Delhi,33.05,25,Clouds,2026-03-26 15:34:11
Delhi,33.05,25,Clouds,2026-03-26 15:35:39
Delhi,33.05,25,Clouds,2026-03-26 15:36:01
Delhi,33.05,25,Clouds,2026-03-26 15:41:22
Delhi,33.05,25,Clouds,2026-03-26 15:51:12
Delhi,30.05,32,Clouds,2026-03-26 18:15:55
Delhi,30.05,32,Clouds,2026-03-26 18:16:14
Delhi,30.05,32,Clouds,2026-03-26 18:16:27
Delhi,30.05,32,Clouds,2026-03-26 18:16:49
Delhi,30.05,32,Clouds,2026-03-26 18:19:23
Delhi,30.05,32,Clouds,2026-03-26 18:21:41
Delhi,30.05,32,Clouds,2026-03-26 18:27:46
Delhi,30.05,35,Clouds,2026-03-26 18:56:28
Delhi,30.05,35,Clouds,2026-03-26 18:57:57
Delhi,30.05,35,Clouds,2026-03-26 19:04:09
Delhi,30.05,35,Clouds,2026-03-26 19:07:10
